Rubrique;Mocles
COMMERCIALISATION;commercial
COMMERCIALISATION;Prospection
COMMERCIALISATION;Client
Fiche analytique
COMMERCIALISATION;Offres
CONTRACTUALISATION;Signature
CONTRACTUALISATION;Contrat
CONTRACTUALISATION;Signature
CONTRACTUALISATION;Avenant
CONTRACTUALISATION;Engagement
FACTURATION;Facture
FACTURATION;Paiement
FACTURATION;Bordereau
FACTURATION;Reglement
PEDAGOGIE\Activites de Synthes ;TP
PEDAGOGIE\Activites de Synthes ;Sysnthese
PEDAGOGIE\Activites de Synthes ;dossier 
PEDAGOGIE\ADMINISTRATION;Inscription
PEDAGOGIE\ADMINISTRATION;Dossier administratif
PEDAGOGIE\ADMINISTRATION;Carte étudiant
PEDAGOGIE\Engagement Citoyen;Citoyen
PEDAGOGIE\Engagement Citoyen;Bénévolat
PEDAGOGIE\Engagement Citoyen;Associatif
PEDAGOGIE\Engagement Citoyen;Engagement
PEDAGOGIE\Entretiens Individuels;Entretien
PEDAGOGIE\Entretiens Individuels;Suivi personnel
PEDAGOGIE\Entretiens Individuels;rdv
PEDAGOGIE\IR;IR
PEDAGOGIE\IR;Intervention rapide
PEDAGOGIE\IR;Urgences
PEDAGOGIE\MI;MI
