Promotions;Groupe
A1 2025-2026;PGE\CPI-FISE
A2 BTP 2025-2026;PGE\CPI-FISE
A2 GEN 2025-2026;PGE\CPI-FISE
A2 INFO 2025-2026;PGE\CPI-FISE
A3 FISE INFO 2025-2026;PGE\CPI-FISE
A4 FISE INFO 2025-2026;PGE\CPI-FISE
A5 FISE INFO 2025-2026;PGE\CPI-FISE
Sessions Closes;PGE\CPI-FISE
COMMUN 2025-2026;PGE\CPI-FISE
AQSE 2023-2024;PBSMP
AQSE 2024-2026;PBSMP
AQSE 2025-2027;PBSMP
ASR 2025-2026;PBSMP
BTP 2025-2028;PBSMP
CABTP 2024-2025;PBSMP
CABTP 2025-2026;PBSMP
CDI 2024-2025;PBSMP
CDI 2025-2026;PBSMP
COMMUN 2025-2028;PBSMP
BTP 2022-2025;PGE\FISA
BTP 2023-2026;PGE\FISA
BTP 2024-2027;PGE\FISA
FISA INFO 2022-2025;PGE\FISA
FISA INFO 2023-2026;PGE\FISA
FISA INFO 2024-2027;PGE\FISA
Sessions Closes;PGE\FISA
GMSI 2023-2025;PBSMP
GMSI 2024-2026;PBSMP
INFO 2025-2028;PBSMP
MAALSI 2023-2025;PBSMP
MAALSI 2024-2026;PBSMP
MAALSI 2025-2027;PBSMP
MDO BTP 2024-2026;PBSMP
MDO BTP 2025-2027;PBSMP
MICSI 2025-2027;PBSMP
MPQSE 2023-2025;PBSMP
MPQSE 2024-2026;PBSMP
MPQSE 2025-2027;PBSMP
PSI 2025-2028;PBSMP
RCBTP 2023-2025;PBSMP
RCBTP 2024-2026;PBSMP
RCBTP 2025-2027;PBSMP
RQSE 2024-2025;PBSMP
RQSE 2025-2026;PBSMP
TSR 2025-2027;PBSMP
Sessions Closes;PBSMP
